{
  "confidence_thresh": 0.8663059874133696,
  "sl_atr_mult": 0.7825238972147319,
  "rr_ratio": 3.50200971962893,
  "mss_lookback": 45,
  "fvg_min_atr_ratio": 0.27580713362244624,
  "sweep_min_pct": 0.0030746157939387673,
  "fvg_max_age": 20,
  "rvol_threshold": 1.8617741772356977,
  "rsi_oversold": 38,
  "rsi_overbought": 64,
  "xgb_max_depth": 7,
  "xgb_n_estimators": 757,
  "xgb_lr": 0.029460033431789,
  "xgb_subsample": 0.7488807742436459,
  "max_holding_candles": 31,
  "_meta": {
    "version": "5.0.0",
    "study_name": "varanus_v5_hpo",
    "best_trial": 255,
    "best_score": 6.629588,
    "objective": "profit_factor \u00d7 log1p(net_return_pct) | MaxDD < -15%",
    "time_exit": "31 bars LOCKED",
    "n_trials_completed": 260
  }
}